,label,strata.1,strata.2,n.1,n.2,CHIsq,CHIsq_p.val,Ho,Ho_p.val,Hs,Hs_p.val,Ht,Ht_p.val,Ht_prime,Ht_prime_p.val,Dst,Dst_p.val,Dst_prime,Dst_prime_p.val,Fst,Fst_p.val,Fst_prime,Fst_prime_p.val,Fis,Fis_p.val,Gst_prime,Gst_prime_p.val,Gst_dbl_prime,Gst_dbl_prime_p.val,Dest,Dest_p.val,Dest_Chao,Dest_Chao_p.val,wcFit,wcFit_p.val,wcFst,wcFst_p.val,wcFis,wcFis_p.val
1,BD (19) v. BE (19),BD,BE,19,19,24651.9571276296,0.001,0.306000373557617,0.807,0.238999264675685,1,0.2511240131716,1,0.263248761667516,0.001,0.0121247484959153,0.001,0.0242494969918306,0.001,0.0482819159457686,0.001,0.0921162813387051,0.001,-0.28034023022142,1,0.0512068865117821,0.001,0.121046244849485,0.001,0.0318652740611298,0.001,0.0462954901942608,0.001,-0.162845124555714,0.001,0.0917504463649533,0.001,-0.280314556612454,1
2,BD (19) v. BN (24),BD,BN,19,24,23767.7971218046,0.001,0.308439253091549,0.691,0.245575733085873,1,0.255593432120592,0.924,0.265611131155311,0.001,0.010017699034719,0.001,0.020035398069438,0.001,0.0391938828459119,0.001,0.0754313193964854,0.001,-0.255984250625014,1,0.0417092616699039,0.001,0.0999852771240078,0.001,0.026557202555785,0.001,0.0384414555653255,0.001,-0.161662244006937,0.001,0.0748639127528384,0.001,-0.255666339277267,1
3,BD (19) v. BS (25),BD,BS,19,25,22562.9977657075,0.001,0.307223292354307,0.59,0.245782868666659,1,0.254668045863009,0.899,0.263553223059359,0.001,0.00888517719635007,0.001,0.0177703543927001,0.001,0.0348892503032343,0.001,0.0674260560596438,0.001,-0.249978462782839,1,0.037132388898761,0.001,0.0893987331478997,0.001,0.0235613242585525,0.001,0.0323977625840798,0.001,-0.165246047258281,0.001,0.0669956147983841,0.001,-0.248918081994309,1
4,BD (19) v. BW (8),BD,BW,19,8,16650.4387058193,0.001,0.298058005250525,0.934,0.231273013881917,1,0.24384067880942,0.998,0.256408343736924,0.001,0.0125676649275034,0.001,0.0251353298550067,0.001,0.0515404771216452,0.001,0.0980285176709994,0.001,-0.288771224310274,1,0.0544530169059468,0.001,0.127520588507012,0.001,0.0326973428914407,0.001,0.0573695130087604,0.001,-0.154802854337781,0.001,0.0948549283049159,0.001,-0.275820739072421,1
5,BD (19) v. CB (22),BD,CB,19,22,15327.6349338966,0.001,0.301058734076568,0.05,0.237358594682691,1,0.2430148366256,0.03,0.248671078568509,0.001,0.00565624194290892,0.001,0.0113124838858178,0.001,0.02327529471636,0.001,0.0454917554181969,0.001,-0.268370898804119,1,0.0246648926296257,0.001,0.059650256465251,0.001,0.0148332936121022,0.001,0.0189573679655911,0.001,-0.211364779104846,0.001,0.0455034827706991,0.001,-0.269113880709779,1
6,BD (19) v. CM (25),BD,CM,19,25,10024.5315500433,0.002,0.311622838172832,0.852,0.245365013162244,1,0.247853061393441,0.796,0.250341109624639,0.003,0.00248804823119744,0.001,0.00497609646239489,0.001,0.0100384002408908,0.001,0.019877264544589,0.001,-0.270037786384714,0.996,0.0106814671808583,0.001,0.0263402371892181,0.001,0.00659404420572502,0.001,0.0061732964107738,0.001,-0.246373703046313,0.001,0.0197080892424714,0.001,-0.271431182251792,1
7,BD (19) v. GM (23),BD,GM,19,23,8576.35986737244,0.001,0.311897802152334,0.959,0.245234322465949,1,0.246883000894436,0.785,0.248531679322924,0.001,0.00164867842848748,0.001,0.00329735685697496,0.001,0.00667797467834747,0.001,0.0132673503271614,0.001,-0.271835846695732,1,0.00710528565464496,0.001,0.0175781049961203,0.001,0.00436871595400044,0.001,0.00224796307742647,0.001,-0.256283396432441,0.001,0.0132251388671319,0.001,-0.273120593070403,1
8,BD (19) v. JE (13),BD,JE,19,13,6879.65321194538,0.01,0.303439903661914,0.785,0.239768940711233,0.995,0.241028426236399,0.892,0.242287911761565,0.17,0.00125948552516567,0.009,0.00251897105033133,0.009,0.00522546466751756,0.009,0.0103966022572775,0.009,-0.265551337724611,0.994,0.00554419573992948,0.009,0.0136755820881667,0.009,0.00331342822626578,0.009,-0.000514321986857524,0.008,-0.251258193667312,0.009,0.0102494918664685,0.009,-0.264215762846064,0.992
9,BD (19) v. JP (18),BD,JP,19,18,7017.2064068447,0.01,0.303698413899758,0.76,0.243784927293885,0.982,0.2446257383596,0.558,0.245466549425314,0.016,0.000840811065714736,0.017,0.00168162213142947,0.017,0.00343713245937655,0.017,0.00685071809322485,0.017,-0.245763703568298,0.981,0.00365431222068689,0.017,0.00905921918312149,0.017,0.00222373527336845,0.017,-0.00106389895853942,0.019,-0.237600081852666,0.017,0.00681921958753553,0.017,-0.246097494293733,0.984
10,BD (19) v. JS (12),BD,JS,19,12,6253.40634559929,0.033,0.308144365435657,0.335,0.240048813279856,0.982,0.241119670630622,0.848,0.242190527981388,0.288,0.00107085735076606,0.017,0.00214171470153213,0.017,0.00444118618761113,0.017,0.00884309852818321,0.017,-0.283673771285899,0.999,0.00471275108272747,0.017,0.0116364033410474,0.017,0.00281822666897265,0.017,-0.00164128048714196,0.017,-0.267007600741646,0.02,0.00853811257218482,0.02,-0.277918613723709,0.981
11,BD (19) v. JW (24),BD,JW,19,24,6697.50043053951,0.014,0.312267586295509,0.986,0.245681967327319,0.992,0.246363243680274,0.869,0.24704452003323,0.122,0.000681276352955645,0.013,0.00136255270591129,0.013,0.00276533277764354,0.013,0.00551541360127322,0.013,-0.271023631455536,0.901,0.00294296931378763,0.013,0.00731178808191969,0.013,0.00180633717728254,0.013,-0.00154249876257673,0.015,-0.265403087533732,0.013,0.0055212827435752,0.013,-0.272428525192309,0.988
12,BD (19) v. KM (21),BD,KM,19,21,10156.4697743931,0.001,0.305231895751924,0.369,0.241132352732797,1,0.243846913815933,0.418,0.246561474899069,0.001,0.00271456108313575,0.001,0.0054291221662715,0.001,0.0111322347314382,0.001,0.0220193449463017,0.001,-0.265827220166332,1,0.0118194759319367,0.001,0.0290160544142272,0.001,0.00715424117212349,0.001,0.00666109321598862,0.001,-0.238200974851122,0.001,0.0220149590274124,0.001,-0.266073531778926,1
13,BD (19) v. KN (21),BD,KN,19,21,6757.14558672557,0.012,0.309070080636357,0.764,0.244138748096413,0.986,0.244959549579946,0.641,0.245780351063478,0.013,0.000820801483532668,0.009,0.00164160296706534,0.009,0.00335076336048205,0.009,0.00667914648165408,0.009,-0.265960782736144,0.985,0.00356313977564309,0.009,0.00883647159426825,0.009,0.0021718310906017,0.009,-0.000997452338623805,0.01,-0.257899888898307,0.009,0.00665222798832482,0.009,-0.26632376327867,0.992
14,BD (19) v. KS (6),BD,KS,19,6,6237.43004097843,0.024,0.304149641848722,0.654,0.239977201760704,0.935,0.241730124702857,0.751,0.24348304764501,0.41,0.0017529229421531,0.015,0.00350584588430619,0.015,0.00725157009002437,0.015,0.0143987268034266,0.015,-0.26741056907568,0.916,0.00769470064698956,0.015,0.0189451248525483,0.015,0.00461281673711367,0.015,-0.00249227983559197,0.009,-0.24533988449074,0.016,0.0137245018174766,0.015,-0.262669392868029,0.986
15,BE (19) v. BN (24),BE,BN,19,24,20315.5725311159,0.001,0.30814636336468,0.721,0.241242893723992,1,0.250094735002001,0.999,0.258946576280009,0.001,0.00885184127800881,0.001,0.0177036825560176,0.001,0.0353939529272298,0.001,0.0683680889330389,0.001,-0.277328250411526,1,0.037581102986128,0.001,0.0901053688559051,0.001,0.023332476769684,0.001,0.0337098416964775,0.001,-0.188913779052135,0.001,0.0672038542477548,0.001,-0.274569780831744,1
16,BE (19) v. BS (25),BE,BS,19,25,14970.3426330595,0.001,0.306930402627438,0.627,0.241455392863817,1,0.24721909563883,0.996,0.252982798413844,0.001,0.00576370277501376,0.001,0.0115274055500275,0.001,0.0233141487720436,0.001,0.0455659658376073,0.001,-0.271168139949351,1,0.0247575302848628,0.001,0.060070252176253,0.001,0.0151967404969738,0.001,0.0205876694059376,0.001,-0.210147946745453,0.001,0.0448608314178064,0.001,-0.266985991729136,1
17,BE (19) v. BW (8),BE,BW,19,8,15413.0814131384,0.001,0.297765115523655,0.896,0.226746018402769,1,0.238340535897401,0.906,0.249935053392032,0.001,0.0115945174946313,0.001,0.0231890349892625,0.001,0.0486468550176559,0.001,0.0927802430053286,0.001,-0.313209897228425,1,0.0512835341747135,0.001,0.119986764004347,0.001,0.0299888982677636,0.001,0.044593213310228,0.001,-0.1910189270236,0.001,0.090091128021296,0.001,-0.308943086172563,1
18,BE (19) v. CB (22),BE,CB,19,22,28254.6927691003,0.001,0.300765844349699,0.071,0.233017237019718,1,0.247389452892738,0.848,0.261761668765757,0.001,0.0143722158730195,0.001,0.0287444317460389,0.001,0.0580955077306829,0.001,0.109811462776704,0.001,-0.29074504614544,1,0.0614310304000779,0.001,0.143173312461427,0.001,0.0374772851926242,0.001,0.066405182443773,0.001,-0.149363084249236,0.001,0.108938375586142,0.001,-0.28988057925319,1
19,BE (19) v. CM (25),BE,CM,19,25,27025.4042671342,0.001,0.311329948445962,0.883,0.241033966184332,1,0.25334954466387,0.999,0.265665123143408,0.001,0.0123155784795378,0.001,0.0246311569590757,0.001,0.0486110148564801,0.001,0.0927150567136343,0.001,-0.29164346989947,1,0.0516093845112224,0.001,0.122159691715733,0.001,0.0324535695428209,0.001,0.0504092569652114,0.001,-0.172305424288424,0.001,0.0914322795490269,0.001,-0.290278531694416,1
20,BE (19) v. GM (23),BE,GM,19,23,24838.889827691,0.001,0.311604912425463,0.963,0.240898396544165,1,0.252341484750435,1,0.263784572956705,0.001,0.0114430882062703,0.001,0.0228861764125406,0.001,0.045347629691517,0.001,0.0867608600306468,0.001,-0.293511774655319,1,0.0481413715697082,0.001,0.114294133533199,0.001,0.0301490292055116,0.001,0.0441838893640815,0.001,-0.181778732505145,0.001,0.0858295046318852,0.001,-0.29273339983399,1
21,BE (19) v. JE (13),BE,JE,19,13,21791.0153196246,0.001,0.303147013935045,0.703,0.235353639660753,1,0.248342163241442,0.358,0.261330686822132,0.001,0.0129885235806894,0.001,0.0259770471613789,0.001,0.0523009198726427,0.001,0.0994029728282906,0.001,-0.288048973332268,1,0.0553678172235343,0.001,0.129998621564338,0.001,0.033972629059339,0.001,0.0510700810939545,0.001,-0.16340423888926,0.001,0.0988718632901485,0.001,-0.291053060596927,1
22,BE (19) v. JP (18),BE,JP,19,18,24198.4938967541,0.001,0.30340552417289,0.529,0.23941940465063,1,0.251624795662787,0.989,0.263830186674943,0.001,0.0122053910121564,0.001,0.0244107820243128,0.001,0.0485063126628958,0.001,0.0925245982348054,0.001,-0.267255361425825,1,0.0514558467699883,0.001,0.121649958992583,0.001,0.0320949313900124,0.001,0.0472365092551728,0.001,-0.151450278905614,0.001,0.0920997752547422,0.001,-0.268256409154092,1
23,BE (19) v. JS (12),BE,JS,19,12,21369.2489763428,0.001,0.307851475708789,0.357,0.235621405402014,1,0.248811129144965,0.254,0.262000852887916,0.001,0.013189723742951,0.001,0.026379447485902,0.001,0.053010987845589,0.001,0.100684586310057,0.001,-0.306551394104186,1,0.0561270164911469,0.001,0.13172083444201,0.001,0.0345109709669145,0.001,0.0505872596014874,0.001,-0.175095143363114,0.001,0.100161657105863,0.001,-0.305895834115795,1
24,BE (19) v. JW (24),BE,JW,19,24,24665.5157735503,0.001,0.31197469656864,0.979,0.241349786892906,1,0.251918196507071,1,0.262486606121236,0.001,0.0105684096141648,0.001,0.0211368192283297,0.001,0.0419517516427924,0.001,0.0805253248562599,0.001,-0.292624702863616,1,0.0445465772799718,0.001,0.106142888336463,0.001,0.0278610865233434,0.001,0.0393306651120949,0.001,-0.18838573443233,0.001,0.0798596525206157,0.001,-0.29152659992334,1
25,BE (19) v. KM (21),BE,KM,19,21,25110.0759525646,0.001,0.304939006025055,0.589,0.236785871082702,1,0.249098159016864,1,0.261410446951026,0.001,0.0123122879341621,0.001,0.0246245758683242,0.001,0.0494274545534821,0.001,0.0941988973873621,0.001,-0.287826020322595,1,0.0523633385924325,0.001,0.123423943318494,0.001,0.0322643081873455,0.001,0.0493600369574296,0.001,-0.166719712821055,0.001,0.0935385052523411,0.001,-0.287114477097394,1
26,BE (19) v. KN (21),BE,KN,19,21,24675.4266178367,0.001,0.30877719090949,0.83,0.239793984574631,1,0.251852717391862,1,0.263911450209093,0.001,0.0120587328172312,0.001,0.0241174656344624,0.001,0.0478800981069774,0.001,0.0913846883693545,0.001,-0.287676967615463,1,0.050801227357384,0.001,0.120210425220354,0.001,0.0317249076501553,0.001,0.0483697751099098,0.001,-0.170404695280005,0.001,0.09051295965002,0.001,-0.286884412151295,1
27,BE (19) v. KS (6),BE,KS,19,6,16551.856351024,0.001,0.303856752121854,0.666,0.235348693102351,1,0.248402698391454,0.072,0.261456703680557,0.001,0.0130540052891033,0.001,0.0261080105782066,0.001,0.0525517853615732,0.001,0.0998559616589706,0.001,-0.2910917333614,0.995,0.0556332561977349,0.001,0.130590192886882,0.001,0.0341436813652124,0.001,0.0499206587417066,0.001,-0.16832977588968,0.001,0.0995269479673139,0.001,-0.297462231937253,1
28,BN (24) v. BS (25),BN,BS,24,25,10648.2506282518,0.001,0.309369282161371,0.258,0.247986334779931,1,0.250203982171283,0.864,0.252421629562634,0.001,0.00221764739135177,0.001,0.00443529478270355,0.001,0.00886335769761504,0.001,0.0175709775362297,0.001,-0.247525523678202,1,0.00944414647205105,0.001,0.0233652370280901,0.001,0.00589789120574771,0.001,0.00522828271302922,0.001,-0.225677144633194,0.001,0.0173488100337594,0.001,-0.247316603438197,1
29,BN (24) v. BW (8),BN,BW,24,8,11506.724184086,0.001,0.300203995057591,0.959,0.233582769031664,1,0.240601863114724,1,0.247620957197784,0.156,0.00701909408306012,0.001,0.0140381881661202,0.001,0.0291730662106854,0.001,0.0566922457815531,0.001,-0.285214642767147,1,0.030856632139391,0.001,0.0739704739022176,0.001,0.0183166395520408,0.001,0.0235197638720553,0.001,-0.201076478676876,0.001,0.053248566491196,0.001,-0.268629163016426,1
30,BN (24) v. CB (22),BN,CB,24,22,27352.829386075,0.001,0.303204723883632,0.944,0.239593000286601,1,0.251329931852776,1,0.26306686341895,0.001,0.0117369315661745,0.001,0.023473863132349,0.001,0.0466992987251902,0.001,0.0892315467910733,0.001,-0.265499090211061,1,0.0495433235941203,0.001,0.117347087579027,0.001,0.0308701302607635,0.001,0.0510707705087742,0.001,-0.153106329660158,0.001,0.088468299610477,0.001,-0.265020546369813,1
31,BN (24) v. CM (25),BN,CM,24,25,27092.2722409466,0.001,0.313768827979894,0.742,0.24758084822395,1,0.257977586825981,1,0.268374325428013,0.001,0.0103967386020312,0.001,0.0207934772040624,0.001,0.0403009374959552,0.001,0.0774793832118638,0.001,-0.267338852058837,1,0.042932542487113,0.001,0.102973698940248,0.001,0.0276354969899163,0.001,0.040724026693062,0.001,-0.170311229320261,0.001,0.0767793549447502,0.001,-0.26763979508953,1
32,BN (24) v. GM (23),BN,GM,24,23,24191.5543867971,0.001,0.314043791959398,0.062,0.247454290837125,1,0.256836886459723,1,0.266219482082322,0.001,0.00938259562259852,0.001,0.018765191245197,0.001,0.036531339995316,0.001,0.0704876709188187,0.001,-0.269098187374342,1,0.03891419740755,0.001,0.0936656339416625,0.001,0.0249356165568617,0.001,0.0356957079211819,0.001,-0.180397435346187,0.001,0.0697288315529946,0.001,-0.268874576986775,1
33,BN (24) v. JE (13),BN,JE,24,13,21371.7801236424,0.001,0.305585893468978,0.833,0.242013868216097,1,0.253285373229318,0.893,0.264556878242538,0.001,0.0112715050132204,0.001,0.0225430100264408,0.001,0.0445012077464713,0.001,0.0852104476594783,0.001,-0.262679265950643,1,0.0472698356988027,0.001,0.112416895357884,0.001,0.0297406628975999,0.001,0.0431786260334158,0.001,-0.154182075570963,0.001,0.0838947410473457,0.001,-0.259879325319552,1
34,BN (24) v. JP (18),BN,JP,24,18,22664.9014448915,0.001,0.305844403706822,0.854,0.245997118219553,1,0.25563056330242,0.764,0.265264008385288,0.001,0.00963344508286754,0.001,0.0192668901657351,0.001,0.0376850285756747,0.001,0.0726328848116874,0.001,-0.243284498291787,1,0.0401124145841581,0.001,0.0963297177859286,0.001,0.025552807066519,0.001,0.0366253919117919,0.001,-0.155347003606763,0.001,0.0716876005080376,0.001,-0.244567027478088,1
35,BN (24) v. JS (12),BN,JS,24,12,19414.2914743849,0.001,0.310290355242724,0.506,0.242310485614138,1,0.252471548879947,0.87,0.262632612145757,0.001,0.0101610632658095,0.001,0.0203221265316189,0.001,0.0402463695845631,0.001,0.0773785340882969,0.001,-0.280548608766519,1,0.0427568087341048,0.001,0.102124330110356,0.001,0.0268211795805183,0.001,0.037572531019513,0.001,-0.174966488750363,0.001,0.0759371674917662,0.001,-0.271522289843742,1
36,BN (24) v. JW (24),BN,JW,24,24,24265.9182524636,0.001,0.314413576102575,0.874,0.247898779477243,1,0.256677219774359,1,0.265455660071476,0.001,0.00877844029711652,0.001,0.017556880594233,0.001,0.0342003092632587,0.001,0.0661386560358356,0.001,-0.268314336866021,1,0.0364396653468794,0.001,0.0879385037958922,0.001,0.0233437735708365,0.001,0.0322382236750227,0.001,-0.18502088785751,0.001,0.0657970434011808,0.001,-0.268483341320018,1
37,BN (24) v. KM (21),BN,KM,24,21,24684.2276855559,0.001,0.307377885558987,0.778,0.24335847282871,1,0.253611798774115,1,0.26386512471952,0.001,0.0102533259454052,0.001,0.0205066518908104,0.001,0.0404292150245641,0.001,0.0777164163419028,0.001,-0.263066298806607,1,0.0429742966786566,0.001,0.102712332790464,0.001,0.0271022025019888,0.001,0.0402715501307515,0.001,-0.165190967846373,0.001,0.0769858332216435,0.001,-0.262376039051815,1
38,BN (24) v. KN (21),BN,KN,24,21,23756.5324617268,0.001,0.311216070443421,0.389,0.246359742478959,1,0.256056343194507,0.964,0.265752943910055,0.001,0.00969660071554784,0.001,0.0193932014310957,0.001,0.0378690119314172,0.001,0.0729745497670175,0.001,-0.263258628669826,1,0.0403159104305152,0.001,0.0968294209853566,0.001,0.0257327036839646,0.001,0.0377724155500631,0.001,-0.171178035270183,0.001,0.0724182399266451,0.001,-0.262614343750748,1
39,BN (24) v. KS (6),BN,KS,24,6,15212.1188357835,0.001,0.306295631655788,0.778,0.242283384906863,1,0.252979409506003,0.46,0.263675434105142,0.001,0.0106960245991396,0.001,0.0213920491982793,0.001,0.0422802180621179,0.001,0.0811302322147653,0.001,-0.264204030224905,1,0.0449168954597591,0.001,0.107071998420931,0.001,0.028232255664144,0.001,0.0379969061032152,0.001,-0.158634235829745,0.001,0.0786181364895824,0.001,-0.257496247446643,1
40,BS (25) v. BW (8),BS,BW,25,8,11461.4008777771,0.001,0.298988034320344,0.938,0.233831644536908,1,0.240621177913268,1,0.247410711289628,0.214,0.00678953337636012,0.001,0.0135790667527202,0.001,0.0282166907968816,0.001,0.0548847165182921,0.001,-0.278646587430352,1,0.0298487373104094,0.001,0.0716353215673053,0.001,0.0177233458624282,0.001,0.0224137693676649,0.001,-0.194217786848167,0.001,0.0511999419929836,0.001,-0.258661165511159,1
41,BS (25) v. CB (22),BS,CB,25,22,25746.8772018413,0.001,0.30198876314639,0.976,0.239801131888073,1,0.250196723199765,1,0.260592314511457,0.001,0.0103955913116921,0.001,0.0207911826233841,0.001,0.0415496701105549,0.001,0.0797843277241778,0.001,-0.259330015536967,1,0.0440847449809444,0.001,0.104951915966851,0.001,0.0273496626942136,0.001,0.0419108985408326,0.001,-0.158629472379415,0.001,0.0791700122156985,0.001,-0.258244722424067,1
42,BS (25) v. CM (25),BS,CM,25,25,26060.5626610418,0.001,0.312552867242651,0.215,0.247783744568349,1,0.257314720412307,1,0.266845696256265,0.001,0.00953097584395782,0.001,0.0190619516879156,0.001,0.0370401500104071,0.001,0.0714343605887108,0.001,-0.261393751987778,1,0.0394630546559525,0.001,0.0949651912902614,0.001,0.0253410525899592,0.001,0.0362404292075582,0.001,-0.171987046189143,0.001,0.0708345106073088,0.001,-0.261332948294455,1
43,BS (25) v. GM (23),BS,GM,25,23,23077.0389635643,0.001,0.312827831222154,0.119,0.247658942045201,1,0.256062451125264,0.978,0.264465960205327,0.001,0.00840350908006279,0.001,0.0168070181601256,0.001,0.032818201353356,0.001,0.0635507803994015,0.001,-0.263139657461099,1,0.0349626327393572,0.001,0.0844707061078935,0.001,0.022339626400046,0.001,0.0309220376349331,0.001,-0.182670354847107,0.001,0.0631267505583932,0.001,-0.262358974975537,1
44,BS (25) v. JE (13),BS,JE,25,13,20178.8163873894,0.001,0.304369932731734,0.793,0.242234446907081,1,0.252159464429319,0.923,0.262084481951556,0.001,0.00992501752223743,0.001,0.0198500350444749,0.001,0.0393600832897527,0.001,0.0757390704579905,0.001,-0.256509702141939,1,0.0418136020651178,0.001,0.0999505323894068,0.001,0.0261954835020599,0.001,0.0363513590462176,0.001,-0.158401567380752,0.001,0.0745959801122615,0.001,-0.251779268822798,1
45,BS (25) v. JP (18),BS,JP,25,18,21757.2793284004,0.001,0.304628442969579,0.826,0.246204296165727,1,0.254797000796305,0.807,0.263389705426884,0.001,0.00859270463057829,0.001,0.0171854092611566,0.001,0.0337237275310302,0.001,0.0652470803037031,0.001,-0.237299461113079,1,0.0358998529585559,0.001,0.0865580421483115,0.001,0.0227984972237715,0.001,0.0313450861998648,0.001,-0.158026919194093,0.001,0.0645753937345848,0.001,-0.237969272389994,1
46,BS (25) v. JS (12),BS,JS,25,12,18704.6132784175,0.001,0.309074394505478,0.399,0.242536358608051,1,0.251790320322836,0.89,0.261044282037621,0.001,0.00925396171478504,0.001,0.0185079234295701,0.001,0.0367526507886402,0.001,0.0708995549916039,0.001,-0.274342520351576,1,0.0390497062266393,0.001,0.093601264954864,0.001,0.0244340750079556,0.001,0.0331724020641158,0.001,-0.17485462661132,0.001,0.0695865019267517,0.001,-0.262723110793506,1
47,BS (25) v. JW (24),BS,JW,25,24,22689.7271773238,0.001,0.31319761536533,0.213,0.248102390858766,1,0.255712118950899,1,0.263321847043032,0.001,0.00760972809213295,0.001,0.0152194561842659,0.001,0.0297589653683725,0.001,0.0577979243088735,0.001,-0.262372419230816,1,0.0317109248921753,0.001,0.0768694082893631,0.001,0.02024139457186,0.001,0.0270619641391958,0.001,-0.189437241149391,0.001,0.0575538930463694,0.001,-0.262074544500094,1
48,BS (25) v. KM (21),BS,KM,25,21,23278.1569951056,0.001,0.306161924821745,0.79,0.243566098467239,1,0.252602239863667,1,0.261638381260095,0.001,0.00903614139642842,0.001,0.0180722827928568,0.001,0.0357722140599598,0.001,0.0690735155362818,0.001,-0.256997286356441,1,0.0380282168958858,0.001,0.0913146745489834,0.001,0.0238914236342884,0.001,0.0339540839225387,0.001,-0.169673347417729,0.001,0.0684357490131648,0.001,-0.255601367461941,1
49,BS (25) v. KN (21),BS,KN,25,21,22933.5520288608,0.001,0.310000109706178,0.348,0.246565659363976,1,0.255358918200378,0.947,0.26415217703678,0.001,0.0087932588364022,0.001,0.0175865176728044,0.001,0.0344349000942359,0.001,0.066577220260258,0.001,-0.257272040663868,1,0.0366638660595571,0.001,0.088364993031849,0.001,0.0233418052832028,0.001,0.033169206017961,0.001,-0.172991725085719,0.001,0.0660461978538837,0.001,-0.25594191317635,1
50,BS (25) v. KS (6),BS,KS,25,6,14335.2333522543,0.001,0.305079670918542,0.684,0.242545081394482,1,0.251730617300723,0.527,0.260916153206964,0.001,0.00918553590624097,0.001,0.0183710718124819,0.001,0.0364895458674688,0.001,0.0704098676401596,0.001,-0.257826665313208,1,0.0387703314426566,0.001,0.0929558524351322,0.001,0.0242536834354489,0.001,0.0310185694136684,0.001,-0.162559485078048,0.001,0.0681418535317262,0.001,-0.247571306302497,1
51,BW (8) v. CB (22),BW,CB,8,22,20585.5473921926,0.001,0.292823476042608,0.758,0.225172061252134,1,0.240194962473188,0.481,0.255217863694242,0.001,0.015022901221054,0.001,0.030045802442108,0.001,0.0625446140350715,0.001,0.117726094902603,0.001,-0.30044320069852,1,0.0658851531928756,0.001,0.151938371108366,0.001,0.03877738648746,0.001,0.0742746073580521,0.001,-0.140790617397393,0.001,0.115636298613528,0.001,-0.289956400979488,1
52,BW (8) v. CM (25),BW,CM,8,25,19576.2417832702,0.001,0.303387580138871,0.966,0.233308144018583,1,0.246722041045628,0.993,0.260135938072673,0.001,0.0134138970270446,0.001,0.0268277940540892,0.001,0.0543684584084804,0.001,0.103129902976322,0.001,-0.300372867029902,1,0.0574982424172855,0.001,0.134512845247728,0.001,0.0349916251813421,0.001,0.0650674983241095,0.001,-0.16320793038604,0.001,0.0982915484612744,0.001,-0.290004466966099,1
53,BW (8) v. GM (23),BW,GM,8,23,18563.2594014517,0.001,0.303662544118376,0.997,0.233153967974736,1,0.246507359159241,0.995,0.259860750343745,0.001,0.0133533911845045,0.001,0.0267067823690091,0.001,0.0541703551165724,0.001,0.102773436672068,0.001,-0.302412078834017,1,0.0572843781829551,0.001,0.134020953855157,0.001,0.0348267856305857,0.001,0.0599412353627847,0.001,-0.165660719188351,0.001,0.0987483284718505,0.001,-0.293379813889136,1
54,BW (8) v. JE (13),BW,JE,8,13,14760.0862175133,0.001,0.295204645627953,0.789,0.227487058326206,1,0.240702387842011,0.991,0.253917717357816,0.001,0.0132153295158053,0.001,0.0264306590316105,0.001,0.0549031924206724,0.001,0.104091432872976,0.001,-0.297676658180015,1,0.057899513169806,0.001,0.134743934059464,0.001,0.0342138721641912,0.001,0.0620479402159252,0.001,-0.159520655817737,0.001,0.102402162988118,0.001,-0.291804200061133,1
55,BW (8) v. JP (18),BW,JP,8,18,15562.8473101211,0.001,0.295463155865802,0.848,0.231754181744935,1,0.243639888093385,1,0.255525594441835,0.001,0.0118857063484501,0.001,0.0237714126969001,0.001,0.0487839098985893,0.001,0.093029478118722,0.001,-0.274898919368728,1,0.0515528114400203,0.001,0.121093373902148,0.001,0.0309424563493137,0.001,0.0518798476817052,0.001,-0.145792116521071,0.001,0.089260943370341,0.001,-0.258090457612814,1
56,BW (8) v. JS (12),BW,JS,8,12,13542.8715004831,0.001,0.299909107401699,0.916,0.227659213075258,1,0.240120626556605,1,0.252582040037952,0.001,0.012461413481347,0.001,0.024922826962694,0.001,0.0518964724523962,0.001,0.0986722055097391,0.001,-0.317359852695955,1,0.0547332253140061,0.001,0.127757341293117,0.001,0.0322692098936405,0.001,0.0545261305436886,0.001,-0.187694707322945,0.001,0.097429069459567,0.001,-0.315901794678662,1
57,BW (8) v. JW (24),BW,JW,8,24,17326.1352189229,0.001,0.30403232826155,0.998,0.23362085668356,1,0.245520465688355,1,0.25742007469315,0.001,0.0118996090047949,0.001,0.0237992180095897,0.001,0.048466872085113,0.001,0.0924528440058877,0.001,-0.301392061383299,1,0.0512648406852134,0.001,0.12063590823441,0.001,0.0310541045083777,0.001,0.0490374837634974,0.001,-0.177100753036782,0.001,0.0886781220540902,0.001,-0.291641056275231,1
58,BW (8) v. KM (21),BW,KM,8,21,18153.6974658927,0.001,0.296996637717966,0.937,0.229001277166759,1,0.242419666997136,0.975,0.255838056827514,0.001,0.0134183898303777,0.001,0.0268367796607554,0.001,0.0553519027420173,0.001,0.10489752773118,0.001,-0.296921315865385,1,0.058415293308061,0.001,0.136054087542073,0.001,0.0348078133802044,0.001,0.0570282396018921,0.001,-0.154664642460665,0.001,0.102016927086967,0.001,-0.285842325195467,1
59,BW (8) v. KN (21),BW,KN,8,21,18363.4721984031,0.001,0.300834822602402,0.977,0.232053774937511,1,0.245738766478744,0.996,0.259423758019978,0.001,0.0136849915412335,0.001,0.0273699830824671,0.001,0.0556891846464821,0.001,0.105502993601532,0.001,-0.296401330611463,1,0.0588586620594603,0.001,0.137383309089054,0.001,0.0356404943331025,0.001,0.0601257325115954,0.001,-0.154424053308277,0.001,0.101886933032319,0.001,-0.285388327781472,1
60,BW (8) v. KS (6),BW,KS,8,6,10629.4738605646,0.001,0.295914383814763,0.233,0.227265794604895,1,0.239405851526702,0.223,0.25154590844851,0.001,0.0121400569218073,0.001,0.0242801138436147,0.001,0.05070910691777,0.001,0.096523588848533,0.001,-0.302063006574371,1,0.0534708631729483,0.001,0.124911759017034,0.001,0.0314210418978413,0.001,0.0494139190900079,0.001,-0.178639842429602,0.001,0.0972400015076704,0.001,-0.305595999377476,1
61,CB (22) v. CM (25),CB,CM,22,25,19101.1630087683,0.001,0.306388308964913,0.982,0.239391004410222,1,0.246376465654407,1,0.253361926898591,0.001,0.00698546124418481,0.001,0.0139709224883696,0.001,0.0283527942720931,0.001,0.0551421543851831,0.001,-0.279865589434951,1,0.0300764150601878,0.001,0.0724973734269679,0.001,0.0183680742265433,0.001,0.0256266069495098,0.001,-0.210073952245606,0.001,0.0545870958314821,0.001,-0.279942284381929,1
62,CB (22) v. GM (23),CB,GM,22,23,14559.3022171363,0.001,0.306663272944415,0.999,0.239257587036482,1,0.244232333506582,1,0.249207079976683,0.001,0.00497474647010052,0.001,0.00994949294020103,0.001,0.0203689102039655,0.001,0.0399245998192827,0.001,-0.2817285200559,1,0.0216057117354705,0.001,0.0524811015383696,0.001,0.0130786620683369,0.001,0.0171581147001223,0.001,-0.230738462306056,0.001,0.0398144978198057,0.001,-0.281771553008815,1
63,CB (22) v. JE (13),CB,JE,22,13,14198.8285858489,0.001,0.298205374453996,0.22,0.233733414666934,1,0.240058132375811,0.071,0.246382850084688,0.001,0.00632471770887663,0.001,0.0126494354177533,0.001,0.0263466088246296,0.001,0.0513405677927882,0.001,-0.275835442180712,1,0.027869136220743,0.001,0.067000922101376,0.001,0.0165078781456392,0.001,0.0214447166116913,0.001,-0.211033532527966,0.001,0.051373262896181,0.001,-0.276617541083948,1
64,CB (22) v. JP (18),CB,JP,22,18,15314.9966427679,0.001,0.298463884691842,0.111,0.237773803753012,1,0.243389117735562,0.002,0.249004431718112,0.001,0.00561531398254961,0.001,0.0112306279650992,0.001,0.0230713436771259,0.001,0.0451021208241506,0.001,-0.255242924076998,1,0.0244538774266134,0.001,0.0591715701273745,0.001,0.0147339831934353,0.001,0.0190253439017135,0.001,-0.200909511709715,0.001,0.0450347982496331,0.001,-0.257542693187724,1
65,CB (22) v. JS (12),CB,JS,22,12,13552.8841654886,0.001,0.302909836227743,0.046,0.234012387607643,1,0.240148031243331,0.073,0.246283674879019,0.001,0.00613564363568816,0.001,0.0122712872713763,0.001,0.0255494230118056,0.001,0.0498258249451747,0.001,-0.294417955068333,1,0.0270296132188548,0.001,0.0650478207990297,0.001,0.0160202163492569,0.001,0.0201648336722626,0.001,-0.225607486557028,0.001,0.0497689710833134,0.001,-0.289799479558445,1
66,CB (22) v. JW (24),CB,JW,22,24,16819.0049831645,0.001,0.307033057087594,1,0.239706505426812,1,0.245487590933353,1,0.251268676439894,0.001,0.00578108550654113,0.001,0.0115621710130823,0.001,0.023549400132859,0.001,0.046015170601052,0.001,-0.280870773786064,1,0.0249850195888882,0.001,0.0605229045487018,0.001,0.0152075101202504,0.001,0.0199405232759232,0.001,-0.22230301696333,0.001,0.0458298507121362,0.001,-0.28101158674434,1
67,CB (22) v. KM (21),CB,KM,22,21,16073.1320838128,0.001,0.299997366544007,0.014,0.235148710651305,1,0.241046313510909,0.616,0.246943916370512,0.001,0.00589760285960367,0.001,0.0117952057192073,0.001,0.0244666793434979,0.001,0.0477647147278167,0.001,-0.275777212271701,1,0.025898748467655,0.001,0.0624496753721765,0.001,0.0154215674124724,0.001,0.020442830771395,0.001,-0.215082948606186,0.001,0.0476159956832131,0.001,-0.275833007587997,1
68,CB (22) v. KN (21),CB,KN,22,21,11819.1909629351,0.001,0.303835551428441,0.008,0.238153399736603,1,0.241671273951973,0.152,0.245189148167343,0.001,0.00351787421537,0.001,0.00703574843074001,0.001,0.0145564433779958,0.001,0.0286951868927661,0.001,-0.275797665557084,1,0.015431682775089,0.001,0.0376653080591882,0.001,0.0092351247984929,0.001,0.0104559675423446,0.001,-0.239279364919353,0.001,0.0286230369774044,0.001,-0.275796536355089,1
69,CB (22) v. KS (6),CB,KS,22,6,9187.4245241948,0.001,0.298915112640807,0.2,0.233773637318614,0.807,0.238062135902388,0.082,0.242350634486163,0.001,0.00428849858377428,0.001,0.00857699716754856,0.001,0.0180141985516448,0.001,0.0353908591398315,0.001,-0.278651930428795,0.963,0.0190555886333662,0.001,0.0461885166884395,0.001,0.011193816325418,0.001,0.00829329890703245,0.001,-0.232967624311903,0.001,0.0357598482585958,0.001,-0.278693510206126,1
70,CM (25) v. GM (23),CM,GM,25,23,10831.7709954037,0.001,0.31722737704068,0.484,0.247252061089806,1,0.249650037652182,0.67,0.252048014214557,0.001,0.00239797656237534,0.001,0.00479595312475067,0.001,0.00960535229606596,0.001,0.0190279345770528,0.001,-0.283012063246089,1,0.0102307975969499,0.001,0.0252779630384653,0.001,0.00637126038723416,0.001,0.005536634727491,0.001,-0.258817073713211,0.001,0.0188365063963636,0.001,-0.282984010228309,1
71,CM (25) v. JE (13),CM,JE,25,13,11716.6352535944,0.001,0.30876947855026,0.931,0.241782817047708,1,0.246185278091352,0.942,0.250587739134996,0.003,0.00440246104364392,0.001,0.00880492208728784,0.001,0.0178827145058215,0.001,0.0351370825950286,0.001,-0.277053027673734,0.999,0.0189930265257448,0.001,0.0463417123550463,0.001,0.0116126649266954,0.001,0.0128924654409465,0.001,-0.234329722859664,0.001,0.0344628355587953,0.001,-0.278386548252672,1
72,CM (25) v. JP (18),CM,JP,25,18,10350.2891968396,0.001,0.309027988788105,0.927,0.245781086749094,1,0.248270878267309,0.74,0.250760669785524,0.002,0.00248979151821535,0.001,0.0049795830364307,0.001,0.0100285282574891,0.001,0.0198579108944387,0.001,-0.25733022371887,0.993,0.0106732836318255,0.001,0.026329107564865,0.001,0.00660230464782065,0.001,0.00606987088046951,0.001,-0.236274968414295,0.001,0.0196967142107674,0.001,-0.261114785939927,1
73,CM (25) v. JS (12),CM,JS,25,12,9565.21940273177,0.001,0.313473940324003,0.68,0.242074398945793,1,0.245248492019964,0.932,0.248422585094135,0.058,0.00317409307417085,0.001,0.00634818614834171,0.001,0.0129423551110458,0.001,0.0255539815187745,0.001,-0.294948750008867,1,0.0137479873721156,0.001,0.033715685923831,0.001,0.00837573785542004,0.001,0.00734430234326555,0.001,-0.258038586227798,0.001,0.0248384458911817,0.001,-0.290082223737272,1
74,CM (25) v. JW (24),CM,JW,25,24,9567.92809183028,0.001,0.317597161183857,0.67,0.247698881952703,1,0.249558396033485,0.941,0.251417910114268,0.001,0.00185951408078228,0.001,0.00371902816156455,0.001,0.00745121827330854,0.001,0.0147922165126354,0.001,-0.282190531826866,1,0.00793826865168741,0.001,0.0196626273147522,0.001,0.00494353666683071,0.001,0.00388270232581067,0.001,-0.263368643150184,0.001,0.0146548199219485,0.001,-0.282158444262253,1
75,CM (25) v. KM (21),CM,KM,25,21,13490.3564570407,0.001,0.310561470640271,0.939,0.243153345512155,1,0.247387516078895,0.993,0.251621686645635,0.001,0.00423417056673989,0.001,0.00846834113347977,0.001,0.017115538543948,0.001,0.0336550527356013,0.001,-0.277224748794362,1,0.0181910584898234,0.001,0.044467465814955,0.001,0.0111889787492161,0.001,0.0137958164897576,0.001,-0.234972915885213,0.001,0.033289914522664,0.001,-0.277500808606353,1
76,CM (25) v. KN (21),CM,KN,25,21,9795.49193936914,0.001,0.314399655524704,0.674,0.246153314113322,1,0.248419378010848,0.731,0.250685441908373,0.002,0.00226606389752548,0.001,0.00453212779505097,0.001,0.00912192887555869,0.001,0.018078942919659,0.001,-0.277251361238888,1,0.0097102894314464,0.001,0.0239822542940471,0.001,0.00601200201566219,0.001,0.00555873752220071,0.001,-0.254689686526314,0.001,0.0178432671204771,0.001,-0.277484177955762,1
77,CM (25) v. KS (6),CM,KS,25,6,8922.51566439017,0.002,0.309479216737069,0.812,0.241959211887712,0.986,0.246057861597622,0.771,0.250156511307532,0.171,0.00409864970991006,0.003,0.00819729941982011,0.003,0.0166572597327232,0.003,0.0327686830015897,0.003,-0.279055318136395,0.775,0.0176930885105319,0.003,0.0432281263956679,0.003,0.0108137972895013,0.003,0.00790590554693305,0.002,-0.24004696010329,0.003,0.0314225484294686,0.003,-0.280276510765944,0.998
78,GM (23) v. JE (13),GM,JE,23,13,11255.6016462155,0.001,0.309044442529765,0.983,0.241644406032162,1,0.24565094688205,0.954,0.249657487731938,0.002,0.00400654084988791,0.001,0.00801308169977583,0.001,0.0163098937770904,0.001,0.0320963003055595,0.001,-0.278922395119015,1,0.0173213206616953,0.001,0.042323549217362,0.001,0.0105663909695056,0.001,0.0107750661402859,0.001,-0.240088787139319,0.001,0.031693168664245,0.001,-0.280677515647233,1
79,GM (23) v. JP (18),GM,JP,23,18,11146.542423091,0.001,0.309302952767607,0.996,0.245653371371418,1,0.248727368000392,0.733,0.251801364629366,0.001,0.00307399662897423,0.001,0.00614799325794846,0.001,0.0123588998415702,0.001,0.0244160442378772,0.001,-0.259103227612347,1,0.0131526011729473,0.001,0.0323671417240455,0.001,0.00815009045526675,0.001,0.00825393651638495,0.001,-0.231694966490111,0.001,0.0242444949345264,0.001,-0.262298762441995,1
80,GM (23) v. JS (12),GM,JS,23,12,8572.96683106496,0.001,0.313748904303509,0.801,0.241933121426182,1,0.244408115483767,0.922,0.246883109541351,0.15,0.00247499405758472,0.001,0.00494998811516945,0.001,0.010126480672239,0.001,0.0200499261547917,0.001,-0.296841467815472,1,0.0107560498592567,0.001,0.0264487563320435,0.001,0.0065297512067564,0.001,0.00414894964781132,0.001,-0.267754548472991,0.001,0.0195108152667176,0.001,-0.292981675078703,1
81,GM (23) v. JW (24),GM,JW,23,24,8480.45429650658,0.001,0.317872125163359,0.592,0.247569016189851,1,0.248978455899685,0.748,0.250387895609518,0.001,0.00140943970983307,0.001,0.00281887941966613,0.001,0.00566089023542238,0.001,0.0112580498861742,0.001,-0.283973778526447,1,0.00603050223693024,0.001,0.0149622359105494,0.001,0.00374636276325562,0.001,0.00166250648886646,0.001,-0.26959373701345,0.001,0.0112256959717166,0.001,-0.28400761613758,1
82,GM (23) v. KM (21),GM,KM,23,21,9668.26919065384,0.001,0.31083643461977,0.984,0.243021570935288,1,0.245234019211305,0.99,0.247446467487321,0.001,0.00221244827601683,0.001,0.00442489655203365,0.001,0.00902178369515072,0.001,0.0178822377096993,0.001,-0.279048742148655,1,0.00958804891612728,0.001,0.0236231800314227,0.001,0.00584547244959259,0.001,0.00511399925681366,0.001,-0.256489309552968,0.001,0.0177944845556284,0.001,-0.279252956530696,1
83,GM (23) v. KN (21),GM,KN,23,21,6838.57649544581,0.012,0.314674619504206,0.772,0.246023594118245,0.995,0.246722569556269,0.689,0.247421544994292,0.017,0.000698975438023691,0.009,0.00139795087604738,0.009,0.00283304214641085,0.009,0.00565007738545821,0.009,-0.279042445632126,0.992,0.00301556721957707,0.009,0.00749370582604717,0.009,0.00185410427321332,0.009,-0.00127846108921248,0.006,-0.272031714904447,0.009,0.00563780546200349,0.009,-0.279243842828782,0.992
84,GM (23) v. KS (6),GM,KS,23,6,8411.42045417753,0.001,0.309754180716573,0.957,0.241808046764878,0.991,0.245669288036925,0.796,0.249530529308971,0.194,0.00386124127204657,0.001,0.00772248254409313,0.001,0.0157172323121896,0.001,0.03094804698038,0.001,-0.28099203008642,0.916,0.0166933089761759,0.001,0.0408182213598128,0.001,0.0101853923813648,0.001,0.00658728882160498,0.001,-0.244841691394984,0.001,0.0299159620070609,0.001,-0.283230774490947,1
85,JE (13) v. JP (18),JE,JP,13,18,7213.3940747692,0.005,0.300845054277187,0.503,0.240216189347187,0.999,0.241722177828099,0.917,0.243228166309011,0.069,0.0015059884809121,0.004,0.0030119769618242,0.004,0.00623024537691815,0.004,0.0123833395101027,0.004,-0.252392917791117,0.999,0.00661176973169071,0.004,0.0162985040434894,0.004,0.00396425525207794,0.004,0.000807545917527741,0.004,-0.23411249254615,0.004,0.0121031725770645,0.004,-0.249232165028308,0.997
86,JE (13) v. JS (12),JE,JS,13,12,6531.11439515696,0.01,0.305291005813088,0.244,0.236368095952508,0.998,0.238158663383529,0.647,0.239949230814549,0.004,0.00179056743102035,0.004,0.0035811348620407,0.004,0.00751838041741457,0.004,0.0149245523725328,0.004,-0.291591424734529,0.998,0.0079632883567006,0.004,0.0195441708150589,0.004,0.00468960875398153,0.004,0.000529565194040016,0.002,-0.27182686810497,0.004,0.0148620212122918,0.004,-0.291013944737016,0.997
87,JE (13) v. JW (24),JE,JW,13,24,9210.3710903581,0.001,0.30941422667294,0.998,0.242098586701315,1,0.244740891792335,0.979,0.247383196883356,0.099,0.00264230509102023,0.001,0.00528461018204046,0.001,0.0107963367775184,0.001,0.0213620417579623,0.001,-0.278050528459607,0.998,0.0114685269320449,0.001,0.0281857790249874,0.001,0.0069726881218492,0.001,0.00518821241404777,0.001,-0.252602629104589,0.001,0.0211021666140424,0.001,-0.279605068459393,1
88,JE (13) v. KM (21),JE,KM,13,21,11327.8606834913,0.001,0.302378536129353,0.653,0.237526201067989,1,0.242047737819322,0.613,0.246569274570655,0.001,0.00452153675133316,0.001,0.00904307350266631,0.001,0.0186803512070346,0.001,0.0366755895210901,0.001,-0.273032342410095,1,0.0197972884071377,0.001,0.0481007866400933,0.001,0.0118601760681257,0.001,0.0135240205284,0.001,-0.226434283704131,0.001,0.0366360600061849,0.001,-0.27307472574903,1
89,JE (13) v. KN (21),JE,KN,13,21,8838.45208444275,0.002,0.306216721013788,0.911,0.240549169228553,1,0.243222541551962,0.906,0.24589591387537,0.02,0.00267337232340831,0.001,0.00534674464681661,0.001,0.0109914661130912,0.001,0.0217439345068847,0.001,-0.272990141665555,1,0.011666537505516,0.001,0.0286311287391671,0.001,0.00704027756660088,0.001,0.00557628001760357,0.001,-0.245599437089813,0.001,0.0215511578699977,0.001,-0.273034811281749,1
90,JE (13) v. KS (6),JE,KS,13,6,5515.47343168486,0.087,0.301296282226152,0.445,0.236218697388324,0.778,0.23760750727797,0.46,0.238996317167615,0.171,0.00138880988964532,0.045,0.00277761977929064,0.045,0.00584497478869889,0.046,0.0116220191683649,0.046,-0.275497179339896,0.864,0.0061903942896171,0.046,0.0152164227228718,0.046,0.00363666899123197,0.045,-0.00528652695274023,0.034,-0.25980034542285,0.045,0.011569903367237,0.047,-0.2745467279017,0.953
91,JP (18) v. JS (12),JP,JS,18,12,5993.41091090662,0.071,0.305549516050932,0.181,0.240498431763464,0.97,0.241206972704375,0.898,0.241915513645285,0.487,0.000708540940910579,0.033,0.00141708188182116,0.033,0.00293748117215075,0.033,0.00585775529840137,0.033,-0.270484442707084,0.998,0.00311781395917567,0.033,0.0077126309455849,0.033,0.00186580507675769,0.033,-0.00319962070245317,0.037,-0.256228166267819,0.046,0.00541625271910005,0.042,-0.26306926862844,0.966
92,JP (18) v. JW (24),JP,JW,18,24,7931.41597447952,0.002,0.309672736910783,0.999,0.246099669115531,0.999,0.247386014590844,0.837,0.248672360066158,0.01,0.00128634547531353,0.002,0.00257269095062707,0.002,0.00519975018572105,0.002,0.0103457052884471,0.002,-0.25832244319438,0.92,0.00553497628535561,0.002,0.0137229085392622,0.002,0.00341250805343036,0.002,0.00116056740364368,0.001,-0.249002875029291,0.002,0.0103162315517154,0.002,-0.262022188145604,0.999
93,JP (18) v. KM (21),JP,KM,18,21,11844.8338449202,0.001,0.302637046367196,0.664,0.2415533744745,1,0.24530059152758,0.201,0.249047808580659,0.001,0.00374721705307937,0.001,0.00749443410615874,0.001,0.0152760212673929,0.001,0.0300923511388036,0.001,-0.252878569904407,1,0.0162225767037036,0.001,0.0396762937905535,0.001,0.00988129402113976,0.001,0.0110971326991569,0.001,-0.216697569775298,0.001,0.0299978662976715,0.001,-0.254324632391659,1
94,JP (18) v. KN (21),JP,KN,18,21,8594.68198659822,0.001,0.306475231251632,0.917,0.244561926937484,1,0.246257218530131,0.608,0.247952510122777,0.002,0.00169529159264672,0.001,0.00339058318529345,0.001,0.00688423106037518,0.001,0.0136743249084857,0.001,-0.253160028175502,0.998,0.00732217422632318,0.001,0.0181011857835686,0.001,0.00448823445123458,0.001,0.0025465896694028,0.001,-0.237596030832011,0.001,0.0136311946015697,0.001,-0.254699078132444,1
95,JP (18) v. KS (6),JP,KS,18,6,5070.6878846901,0.579,0.301554792463999,0.474,0.240512459403575,0.874,0.240910155822354,0.844,0.241307852241133,0.758,0.000397696418779181,0.237,0.000795392837558362,0.237,0.00165080802601132,0.236,0.00329617470037214,0.236,-0.253801126194446,0.889,0.00175216413878422,0.236,0.00433999838599545,0.237,0.00104727568925455,0.237,-0.00776231131318039,0.203,-0.240349971710016,0.299,0.00220921897980873,0.291,-0.24309624352494,0.72
96,JS (12) v. JW (24),JS,JW,12,24,7892.71675776249,0.002,0.314118688446683,0.86,0.242389034427905,1,0.244548680717484,0.975,0.246708327007063,0.284,0.0021596462895791,0.001,0.0043192925791582,0.001,0.00883115084997756,0.001,0.017507688660361,0.001,-0.295927801305355,1,0.00938238914277697,0.001,0.0231090750476934,0.001,0.00570120124369711,0.001,0.00308535518530573,0.001,-0.269536128736954,0.001,0.0170427052340417,0.001,-0.291547593671636,1
97,JS (12) v. KM (21),JS,KM,12,21,9140.55107246766,0.001,0.3070829979031,0.244,0.237807483136543,1,0.240903753374377,0.589,0.244000023612212,0.002,0.00309627023783424,0.001,0.00619254047566847,0.001,0.0128527272591825,0.001,0.0253792617885573,0.001,-0.291309229856237,1,0.013623149018606,0.001,0.0332977052739864,0.001,0.00812464087308514,0.001,0.00694754030289912,0.001,-0.254111472725609,0.001,0.0251113789532113,0.001,-0.286415130560253,1
98,JS (12) v. KN (21),JS,KN,12,21,7251.13494866425,0.001,0.310921182787533,0.562,0.240832973242079,1,0.242419808890208,0.896,0.244006644538337,0.248,0.00158683564812867,0.001,0.00317367129625734,0.001,0.00654581676057401,0.001,0.0130064953856563,0.001,-0.291024142591151,1,0.00694885390757028,0.001,0.0171325873321994,0.001,0.00418046514718999,0.001,0.000402831650908597,0.001,-0.269802547458327,0.001,0.0126686170135351,0.001,-0.286095600058258,1
99,JS (12) v. KS (6),JS,KS,12,6,5294.94588521074,0.075,0.306000743999897,0.691,0.236355517803826,0.829,0.237805651165881,0.515,0.239255784527936,0.184,0.00145013336205518,0.036,0.00290026672411037,0.036,0.00609797687710813,0.037,0.0121220338719615,0.037,-0.294663001072294,0.648,0.00645879029094965,0.037,0.0158739232124085,0.037,0.00379792795172101,0.037,-0.00548765875240287,0.015,-0.283907448565384,0.038,0.0123255643115622,0.038,-0.299929817126898,0.965
100,JW (24) v. KM (21),JW,KM,24,21,11075.8923853106,0.001,0.311206218762947,0.999,0.243468858935364,1,0.246456860803323,0.998,0.249444862671283,0.001,0.00298800186795939,0.001,0.00597600373591878,0.001,0.0121238331861407,0.001,0.0239572131168479,0.001,-0.278217756980435,1,0.0128877834230678,0.001,0.0316671870018911,0.001,0.00789921711287256,0.001,0.00838331201714171,0.001,-0.248017935209228,0.001,0.0239203493705179,0.001,-0.278602555031621,1
101,JW (24) v. KN (21),JW,KN,24,21,7641.18052102109,0.002,0.315044403647382,0.862,0.246470065587171,1,0.247543358780792,0.796,0.248616651974413,0.007,0.00107329319362109,0.002,0.00214658638724219,0.002,0.00433577858403194,0.002,0.00863412152884718,0.002,-0.278225827939164,1,0.00461620123745507,0.002,0.011458232957361,0.002,0.00284870751540198,0.002,0.000188223619585259,0.001,-0.267547200890221,0.002,0.00861138907591326,0.002,-0.278557355736338,0.999
102,JW (24) v. KS (6),JW,KS,24,6,7095.81440792787,0.007,0.310123964859749,0.984,0.242275677710201,0.998,0.244845120456537,0.919,0.247414563202874,0.491,0.00256944274633647,0.001,0.00513888549267294,0.001,0.0104941554136162,0.001,0.0207703436133595,0.001,-0.280045804807138,0.778,0.0111485473143024,0.001,0.0274114780301531,0.001,0.00678199886357551,0.001,0.00119617908238867,0.001,-0.256231133464675,0.001,0.0199483725117393,0.001,-0.281800976836522,1
103,KM (21) v. KN (21),KM,KN,21,21,9014.62190601955,0.001,0.308008713103796,0.838,0.24192110146729,1,0.244038172050858,1,0.246155242634427,0.001,0.0021170705835683,0.001,0.00423414116713661,0.001,0.0086751616182697,0.001,0.0172011009061662,0.001,-0.273178367805347,1,0.00921444453436147,0.001,0.0226903834672877,0.001,0.00558535684785838,0.001,0.00495845365547964,0.001,-0.251242317109788,0.001,0.0171822282181141,0.001,-0.273117309266028,1
104,KM (21) v. KS (6),KM,KS,21,6,9034.6227660364,0.001,0.303088274316164,0.605,0.237650457254396,0.992,0.242417164362611,0.363,0.247183871470827,0.001,0.00476670710821581,0.001,0.00953341421643161,0.001,0.0196632409291187,0.001,0.0385681078611828,0.001,-0.27535321336125,0.991,0.0208402512153164,0.001,0.0505911077512812,0.001,0.0125053058759595,0.001,0.0110048308205344,0.001,-0.225371659787516,0.001,0.0381971891559627,0.001,-0.274036263953296,1
105,KN (21) v. KS (6),KN,KS,21,6,7250.67305309383,0.004,0.306926459200597,0.839,0.240727446462694,0.974,0.24352956062385,0.751,0.246331674785005,0.269,0.00280211416115558,0.001,0.00560422832231117,0.001,0.011506258845856,0.001,0.0227507417679941,0.001,-0.274995700368392,0.917,0.012214060001219,0.001,0.0299638669434352,0.001,0.00738104952721146,0.001,0.0020802905236027,0.001,-0.245869292571304,0.001,0.0219995218625272,0.001,-0.273894359381058,1
